Timestamp#Gadget#ScreenW (px)#ScreenH (px)#ScreenW (cm)#ScreenH (cm)#System_keyboard#Keyboard type#Interaction style#Orientation#Time presented in task#Source text hidden in task#Cursor manipulation allowed#Phrase repetition allowed#Test session name#Corpus filepath#Username#Source phrase ID#P: Source phrase text#|P|: Source phrase length#T: Transcribed phrase text#|T|: Transcribed phrase length#IS: Input stream#|IS|: Input stream length#C#INF#F#IF#IFc#IFe#Time#KSPC: Keystrokes per character#KSPS: Keystrokes per second#CPS: Characters per second#WPM: Words per minute#WPMadjusted#TER: Total error rate#CER: Corrected error rate#NCER: Not corrected error rate#CBRER: Corrected-But-Right error rate#CAWER: Corrected-And-Wrong error rate#CE: Correction Efficiency#PC: Participant Conscientiousness#UB: Utilized Bandwidth#WB: Wasted Bandwidth#
2022-01-16 13:26:37.037#HUAWEI-ANE-LX2#1080#2004#6,30#11,78#Hexagonal Keyboard#qwerty#One-handed#Portrait#true#false#false#false#Ana#MacKenzie500_assetFile#Ana#137#do not walk too quickly#23#do not walk to quickly#22#do not walk to quickly#22#22#1#0#0#0#0#15,38#1,000#1,366#1,37#16,39#15,68#4,35%#0,00%#4,35%#0,00%#0,00%#NaN#0,00#95,65%#4,35%
2022-01-16 13:27:08.008#HUAWEI-ANE-LX2#1080#2004#6,30#11,78#Hexagonal Keyboard#qwerty#One-handed#Portrait#true#false#false#false#Ana#MacKenzie500_assetFile#Ana#107#no exchange without a bill#26#no exchange without a bill#26#no excg<hange without a bill#28#26#0#1#1#0#1#17,36#1,077#1,555#1,44#17,28#17,28#3,70%#3,70%#0,00%#0,00%#3,70%#1,000#1,00#92,86%#7,14%
2022-01-16 13:27:38.038#HUAWEI-ANE-LX2#1080#2004#6,30#11,78#Hexagonal Keyboard#qwerty#One-handed#Portrait#true#false#false#false#Ana#MacKenzie500_assetFile#Ana#240#you will loose your voice#25#you will loose your voice#25#you will loose your voice#25#25#0#0#0#0#0#13,88#1,000#1,729#1,73#20,75#20,75#0,00%#0,00%#0,00%#0,00%#0,00%#NaN#NaN#100,00%#0,00%
2022-01-16 13:27:57.057#HUAWEI-ANE-LX2#1080#2004#6,30#11,78#Hexagonal Keyboard#qwerty#One-handed#Portrait#true#false#false#false#Ana#MacKenzie500_assetFile#Ana#215#we drive on parkways#20#w drive on parkways#19#w drive on parkways#19#19#1#0#0#0#0#13,48#1,000#1,335#1,34#16,02#15,22#5,00%#0,00%#5,00%#0,00%#0,00%#NaN#0,00#95,00%#5,00%
2022-01-16 13:28:23.023#HUAWEI-ANE-LX2#1080#2004#6,30#11,78#Hexagonal Keyboard#qwerty#One-handed#Portrait#true#false#false#false#Ana#MacKenzie500_assetFile#Ana#264#file all complaints in writing#30#file all complains in writing#29#file all complains in writing#29#29#1#0#0#0#0#16,85#1,000#1,662#1,66#19,95#19,28#3,33%#0,00%#3,33%#0,00%#0,00%#NaN#0,00#96,67%#3,33%
2022-01-16 13:28:43.043#HUAWEI-ANE-LX2#1080#2004#6,30#11,78#Hexagonal Keyboard#qwerty#One-handed#Portrait#true#false#false#false#Ana#MacKenzie500_assetFile#Ana#391#we have enough witnesses#24#we have enaugh witnesses#24#we have eb<naugh witnesses#26#23#1#1#1#0#1#13,92#1,083#1,797#1,65#19,83#19,04#8,00%#4,00%#4,00%#0,00%#4,00%#1,000#0,50#88,46%#11,54%
2022-01-16 13:29:11.011#HUAWEI-ANE-LX2#1080#2004#6,30#11,78#Hexagonal Keyboard#qwerty#One-handed#Portrait#true#false#false#false#Ana#MacKenzie500_assetFile#Ana#409#look in the syllabus for the course#35#look in the sylabus for the course#34#look in the sylabus forr< the course#36#34#1#1#1#1#0#19,10#1,057#1,833#1,73#20,74#20,16#5,56%#2,78%#2,78%#2,78%#0,00%#1,000#0,50#91,89%#8,11%
2022-01-16 13:29:46.046#HUAWEI-ANE-LX2#1080#2004#6,30#11,78#Hexagonal Keyboard#qwerty#One-handed#Portrait#true#false#false#false#Ana#MacKenzie500_assetFile#Ana#353#the cat has a pleasant temperament#34#the cat has a pleasant temperament#34#the cat has a ll<<pleasant temperameb<nt#40#34#0#3#3#1#2#22,46#1,176#1,737#1,47#17,64#17,64#8,11%#8,11%#0,00%#2,70%#5,41%#1,000#1,00#85,00%#15,00%
2022-01-16 13:30:02.002#HUAWEI-ANE-LX2#1080#2004#6,30#11,78#Hexagonal Keyboard#qwerty#One-handed#Portrait#true#false#false#false#Ana#MacKenzie500_assetFile#Ana#98#have a good weekend#19#have a goog weekend#19#have a goog weekend#19#18#1#0#0#0#0#10,15#1,000#1,774#1,77#21,28#20,16#5,26%#0,00%#5,26%#0,00%#0,00%#NaN#0,00#94,74%#5,26%
2022-01-16 13:30:29.029#HUAWEI-ANE-LX2#1080#2004#6,30#11,78#Hexagonal Keyboard#qwerty#One-handed#Portrait#true#false#false#false#Ana#MacKenzie500_assetFile#Ana#193#shall we play a round of cards#30#shall we ply a round of cards#29#shall we ply a round of cards#29#29#1#0#0#0#0#16,22#1,000#1,726#1,73#20,71#20,02#3,33%#0,00%#3,33%#0,00%#0,00%#NaN#0,00#96,67%#3,33%
2022-01-16 13:30:58.058#HUAWEI-ANE-LX2#1080#2004#6,30#11,78#Hexagonal Keyboard#qwerty#One-handed#Portrait#true#false#false#false#Ana#MacKenzie500_assetFile#Ana#61#i took the rover from the shop#30#i took the rover from the shop#30#i took the rover from the shop#30#30#0#0#0#0#0#15,38#1,000#1,885#1,89#22,62#22,62#0,00%#0,00%#0,00%#0,00%#0,00%#NaN#NaN#100,00%#0,00%
2022-01-16 13:31:13.013#HUAWEI-ANE-LX2#1080#2004#6,30#11,78#Hexagonal Keyboard#qwerty#One-handed#Portrait#true#false#false#false#Ana#MacKenzie500_assetFile#Ana#52#take a coffee break#19#take a coffee break#19#take a coffee break#19#19#0#0#0#0#0#9,52#1,000#1,891#1,89#22,69#22,69#0,00%#0,00%#0,00%#0,00%#0,00%#NaN#NaN#100,00%#0,00%
2022-01-16 13:31:30.030#HUAWEI-ANE-LX2#1080#2004#6,30#11,78#Hexagonal Keyboard#qwerty#One-handed#Portrait#true#false#false#false#Ana#MacKenzie500_assetFile#Ana#302#the minimum amount of time#26#the minimum amount of time#26#the minimum amount of time#26#26#0#0#0#0#0#12,05#1,000#2,075#2,08#24,90#24,90#0,00%#0,00%#0,00%#0,00%#0,00%#NaN#NaN#100,00%#0,00%
2022-01-16 13:31:51.051#HUAWEI-ANE-LX2#1080#2004#6,30#11,78#Hexagonal Keyboard#qwerty#One-handed#Portrait#true#false#false#false#Ana#MacKenzie500_assetFile#Ana#387#important for political parties#31#important for political parties#31#important for politiv<cal parties#33#31#0#1#1#0#1#15,50#1,065#2,064#1,94#23,22#23,22#3,13%#3,13%#0,00%#0,00%#3,13%#1,000#1,00#93,94%#6,06%
2022-01-16 13:32:14.014#HUAWEI-ANE-LX2#1080#2004#6,30#11,78#Hexagonal Keyboard#qwerty#One-handed#Portrait#true#false#false#false#Ana#MacKenzie500_assetFile#Ana#236#in sharp contrast to your words#31#in sharp ckntrast to your words#31#in sharp ckntrast tp<o your words#33#30#1#1#1#0#1#16,83#1,065#1,902#1,78#21,39#20,73#6,25%#3,13%#3,13%#0,00%#3,13%#1,000#0,50#90,91%#9,09%
2022-01-16 13:32:38.038#HUAWEI-ANE-LX2#1080#2004#6,30#11,78#Hexagonal Keyboard#qwerty#One-handed#Portrait#true#false#false#false#Ana#MacKenzie500_assetFile#Ana#11#a problem with the engine#25#a problem with the engine#25#a problr<em with the engine#27#25#0#1#1#0#1#14,97#1,080#1,737#1,60#19,24#19,24#3,85%#3,85%#0,00%#0,00%#3,85%#1,000#1,00#92,59%#7,41%
2022-01-16 13:32:56.056#HUAWEI-ANE-LX2#1080#2004#6,30#11,78#Hexagonal Keyboard#qwerty#One-handed#Portrait#true#false#false#false#Ana#MacKenzie500_assetFile#Ana#372#we dine out on the weekends#27#we dine out on the weekends#27#we dine out on the weekends#27#27#0#0#0#0#0#12,41#1,000#2,095#2,09#25,14#25,14#0,00%#0,00%#0,00%#0,00%#0,00%#NaN#NaN#100,00%#0,00%
2022-01-16 13:33:10.010#HUAWEI-ANE-LX2#1080#2004#6,30#11,78#Hexagonal Keyboard#qwerty#One-handed#Portrait#true#false#false#false#Ana#MacKenzie500_assetFile#Ana#96#call for more details#21#call for more details#21#call for more details#21#21#0#0#0#0#0#9,14#1,000#2,189#2,19#26,27#26,27#0,00%#0,00%#0,00%#0,00%#0,00%#NaN#NaN#100,00%#0,00%
2022-01-16 13:33:40.040#HUAWEI-ANE-LX2#1080#2004#6,30#11,78#Hexagonal Keyboard#qwerty#One-handed#Portrait#true#false#false#false#Ana#MacKenzie500_assetFile#Ana#282#interesting observation was made#32#interesting observation was made#32#interesting observation was made#32#32#0#0#0#0#0#13,83#1,000#2,242#2,24#26,90#26,90#0,00%#0,00%#0,00%#0,00%#0,00%#NaN#NaN#100,00%#0,00%
2022-01-16 13:34:54.054#HUAWEI-ANE-LX2#1080#2004#6,30#11,78#Hexagonal Keyboard#qwerty#One-handed#Portrait#true#false#false#false#Ana#MacKenzie500_assetFile#Ana#169#i skimmed through your proposal#31#i skimmed through your proposal#31#i skimmed through your proposal#31#31#0#0#0#0#0#19,47#1,000#1,541#1,54#18,49#18,49#0,00%#0,00%#0,00%#0,00%#0,00%#NaN#NaN#100,00%#0,00%

2022-01-17 08:47:30.030#HUAWEI-ANE-LX2#1080#2004#6,30#11,78#Hexagonal Keyboard#qwerty#One-handed#Portrait#true#false#false#false#Antonio#MacKenzie500_assetFile#Antonio#262#obligations must be met first#29#oblogatios must be met first#28#oblogatios must be mw<ey<t fifst<<<rst#38#27#2#5#5#0#5#24,13#1,345#1,533#1,12#13,43#12,64#20,59%#14,71%#5,88%#0,00%#14,71%#1,000#0,71#69,23%#30,77%
2022-01-17 08:48:31.031#HUAWEI-ANE-LX2#1080#2004#6,30#11,78#Hexagonal Keyboard#qwerty#One-handed#Portrait#true#false#false#false#Antonio#MacKenzie500_assetFile#Antonio#3#never too rich and never too thin#33#never too rich and never too thin#33#never too riv<ch and never ft<<too thin#39#33#0#3#3#0#3#23,03#1,182#1,650#1,39#16,68#16,68#8,33%#8,33%#0,00%#0,00%#8,33%#1,000#1,00#84,62%#15,38%
2022-01-17 08:48:50.050#HUAWEI-ANE-LX2#1080#2004#6,30#11,78#Hexagonal Keyboard#qwerty#One-handed#Portrait#true#false#false#false#Antonio#MacKenzie500_assetFile#Antonio#109#buckle up for safety#20#buckle up for safety#20#buckle up for safetg<y#22#20#0#1#1#0#1#11,36#1,100#1,849#1,67#20,07#20,07#4,76%#4,76%#0,00%#0,00%#4,76%#1,000#1,00#90,91%#9,09%
2022-01-17 08:49:09.009#HUAWEI-ANE-LX2#1080#2004#6,30#11,78#Hexagonal Keyboard#qwerty#One-handed#Portrait#true#false#false#false#Antonio#MacKenzie500_assetFile#Antonio#74#he is still on our team#23#he is still on our team#23#he is still on our team#23#23#0#0#0#0#0#13,21#1,000#1,666#1,67#19,99#19,99#0,00%#0,00%#0,00%#0,00%#0,00%#NaN#NaN#100,00%#0,00%
2022-01-17 08:49:33.033#HUAWEI-ANE-LX2#1080#2004#6,30#11,78#Hexagonal Keyboard#qwerty#One-handed#Portrait#true#false#false#false#Antonio#MacKenzie500_assetFile#Antonio#437#sit at the front of the bus#27#sit at the front of the bus#27#sit at the front f <<< of the n<bus#35#27#0#4#4#1#3#20,63#1,296#1,648#1,26#15,12#15,12#12,90%#12,90%#0,00%#3,23%#9,68%#1,000#1,00#77,14%#22,86%
2022-01-17 08:50:09.009#HUAWEI-ANE-LX2#1080#2004#6,30#11,78#Hexagonal Keyboard#qwerty#One-handed#Portrait#true#false#false#false#Antonio#MacKenzie500_assetFile#Antonio#53#popularity is desired by all#28#popularity is desired by all#28#popularity is deside<<red by z<akl<<ll#38#28#0#5#5#2#3#23,77#1,357#1,557#1,14#13,63#13,63#15,15%#15,15%#0,00%#6,06%#9,09%#1,000#1,00#73,68%#26,32%
2022-01-17 08:50:31.031#HUAWEI-ANE-LX2#1080#2004#6,30#11,78#Hexagonal Keyboard#qwerty#One-handed#Portrait#true#false#false#false#Antonio#MacKenzie500_assetFile#Antonio#255#i just cannot figure this out#29#i just cannot figure this out#29#i just a<cannot figure this ojt<<ut#35#29#0#3#3#1#2#18,36#1,207#1,852#1,52#18,30#18,30#9,38%#9,38%#0,00%#3,13%#6,25%#1,000#1,00#82,86%#17,14%
2022-01-17 08:51:04.004#HUAWEI-ANE-LX2#1080#2004#6,30#11,78#Hexagonal Keyboard#qwerty#One-handed#Portrait#true#false#false#false#Antonio#MacKenzie500_assetFile#Antonio#457#what to do when the oil runs dry#32#what to do when the oil runs dry#32#whay<t to do when the oil runs dy<ry#36#32#0#2#2#0#2#22,95#1,125#1,525#1,35#16,21#16,21#5,88%#5,88%#0,00%#0,00%#5,88%#1,000#1,00#88,89%#11,11%
2022-01-17 08:51:28.028#HUAWEI-ANE-LX2#1080#2004#6,30#11,78#Hexagonal Keyboard#qwerty#One-handed#Portrait#true#false#false#false#Antonio#MacKenzie500_assetFile#Antonio#42#all work and no play#20#all work and no play#20#all wormk<<k and no plv<ay#26#20#0#3#3#0#3#18,97#1,300#1,318#1,00#12,02#12,02#13,04%#13,04%#0,00%#0,00%#13,04%#1,000#1,00#76,92%#23,08%
2022-01-17 08:51:56.056#HUAWEI-ANE-LX2#1080#2004#6,30#11,78#Hexagonal Keyboard#qwerty#One-handed#Portrait#true#false#false#false#Antonio#MacKenzie500_assetFile#Antonio#351#please keep this confidential#29#please keep this confidential#29#please keep this confidential#29#29#0#0#0#0#0#18,84#1,000#1,486#1,49#17,83#17,83#0,00%#0,00%#0,00%#0,00%#0,00%#NaN#NaN#100,00%#0,00%
2022-01-17 08:52:27.027#HUAWEI-ANE-LX2#1080#2004#6,30#11,78#Hexagonal Keyboard#qwerty#One-handed#Portrait#true#false#false#false#Antonio#MacKenzie500_assetFile#Antonio#272#express delivery is very fast#29#express delivery is very fast#29#expess<<<ress s<delivery is very d<fast#39#29#0#5#5#1#4#22,20#1,345#1,712#1,26#15,14#15,14#14,71%#14,71%#0,00%#2,94%#11,76%#1,000#1,00#74,36%#25,64%
2022-01-17 08:52:54.054#HUAWEI-ANE-LX2#1080#2004#6,30#11,78#Hexagonal Keyboard#qwerty#One-handed#Portrait#true#false#false#false#Antonio#MacKenzie500_assetFile#Antonio#290#the punishment should fit the crime#35#the punishment should fit the crime#35#the punishment should fit the crime#35#35#0#0#0#0#0#21,36#1,000#1,592#1,59#19,10#19,10#0,00%#0,00%#0,00%#0,00%#0,00%#NaN#NaN#100,00%#0,00%
2022-01-17 08:53:10.010#HUAWEI-ANE-LX2#1080#2004#6,30#11,78#Hexagonal Keyboard#qwerty#One-handed#Portrait#true#false#false#false#Antonio#MacKenzie500_assetFile#Antonio#214#the winner of the race#22#the winner of the race#22#the winner od<f the race#24#22#0#1#1#0#1#11,55#1,091#1,991#1,82#21,82#21,82#4,35%#4,35%#0,00%#0,00%#4,35%#1,000#1,00#91,67%#8,33%
2022-01-17 08:53:38.038#HUAWEI-ANE-LX2#1080#2004#6,30#11,78#Hexagonal Keyboard#qwerty#One-handed#Portrait#true#false#false#false#Antonio#MacKenzie500_assetFile#Antonio#433#they watched the entire movie#29#they watched the entire movie#29#they watcher<d ghe<<<< the entire movie#39#29#0#5#5#3#2#20,42#1,345#1,861#1,37#16,45#16,45#14,71%#14,71%#0,00%#8,82%#5,88%#1,000#1,00#74,36%#25,64%
2022-01-17 08:53:57.057#HUAWEI-ANE-LX2#1080#2004#6,30#11,78#Hexagonal Keyboard#qwerty#One-handed#Portrait#true#false#false#false#Antonio#MacKenzie500_assetFile#Antonio#211#bad for the environment#23#bad for the environment#23#bad for the envirknmet<<<<<<ronment#35#23#0#6#6#4#2#15,95#1,522#2,132#1,38#16,55#16,55#20,69%#20,69%#0,00%#13,79%#6,90%#1,000#1,00#65,71%#34,29%
2022-01-17 08:54:11.011#HUAWEI-ANE-LX2#1080#2004#6,30#11,78#Hexagonal Keyboard#qwerty#One-handed#Portrait#true#false#false#false#Antonio#MacKenzie500_assetFile#Antonio#210#rain rain go away#17#rain dain go away#17#rain dain go away#17#16#1#0#0#0#0#9,01#1,000#1,775#1,78#21,30#20,05#5,88%#0,00%#5,88%#0,00%#0,00%#NaN#0,00#94,12%#5,88%
2022-01-17 08:54:40.040#HUAWEI-ANE-LX2#1080#2004#6,30#11,78#Hexagonal Keyboard#qwerty#One-handed#Portrait#true#false#false#false#Antonio#MacKenzie500_assetFile#Antonio#477#an enlarged nose suggests you are a liar#40#an enlarged nose suggests you are a liar#40#an enlarged nose suggests you are a lk<iar#42#40#0#1#1#0#1#21,49#1,050#1,908#1,81#21,78#21,78#2,44%#2,44%#0,00%#0,00%#2,44%#1,000#1,00#95,24%#4,76%
2022-01-17 08:55:03.003#HUAWEI-ANE-LX2#1080#2004#6,30#11,78#Hexagonal Keyboard#qwerty#One-handed#Portrait#true#false#false#false#Antonio#MacKenzie500_assetFile#Antonio#381#every saturday he folds the laundry#35#every saturday he folds the laundry#35#every saturday he folds the laundry#35#35#0#0#0#0#0#16,25#1,000#2,092#2,09#25,10#25,10#0,00%#0,00%#0,00%#0,00%#0,00%#NaN#NaN#100,00%#0,00%
2022-01-17 08:55:33.033#HUAWEI-ANE-LX2#1080#2004#6,30#11,78#Hexagonal Keyboard#qwerty#One-handed#Portrait#true#false#false#false#Antonio#MacKenzie500_assetFile#Antonio#117#this is a non profit organization#33#this is a non profit organization#33#this is a nn<on prfit<<<pot<<<<rofit organizzr<<ation#53#33#0#10#10#1#9#26,05#1,606#1,996#1,23#14,74#14,74#23,26%#23,26%#0,00%#2,33%#20,93%#1,000#1,00#62,26%#37,74%
2022-01-17 08:55:58.058#HUAWEI-ANE-LX2#1080#2004#6,30#11,78#Hexagonal Keyboard#qwerty#One-handed#Portrait#true#false#false#false#Antonio#MacKenzie500_assetFile#Antonio#348#burglars never leave their business card#40#burglars necer leave their business card#40#burglars necer les<ave theu<ir business card#44#39#1#2#2#0#2#20,24#1,100#2,124#1,93#23,12#22,57#7,14%#4,76%#2,38%#0,00%#4,76%#1,000#0,67#88,64%#11,36%

2022-01-16 16:27:27.027#Xiaomi-Mi A1#1080#1920#6,90#12,20#Hexagonal Keyboard#qwerty#One-handed#Portrait#true#false#false#false#session1-dbarac#MacKenzie500_assetFile#dbarac#444#an excellent way to communicate#31#an exclent way to communicate#29#an exclent way r<to communicate#31#29#2#1#1#0#1#17,93#1,065#1,673#1,56#18,74#17,57#9,38%#3,13%#6,25%#0,00%#3,13%#1,000#0,33#87,88%#12,12%
2022-01-16 16:27:48.048#Xiaomi-Mi A1#1080#1920#6,90#12,20#Hexagonal Keyboard#qwerty#One-handed#Portrait#true#false#false#false#session1-dbarac#MacKenzie500_assetFile#dbarac#259#is there any indication of this#31#is there any indication of this#31#is there any indicay<tion of this#33#31#0#1#1#0#1#16,52#1,065#1,937#1,82#21,79#21,79#3,13%#3,13%#0,00%#0,00%#3,13%#1,000#1,00#93,94%#6,06%
2022-01-16 16:28:05.005#Xiaomi-Mi A1#1080#1920#6,90#12,20#Hexagonal Keyboard#qwerty#One-handed#Portrait#true#false#false#false#session1-dbarac#MacKenzie500_assetFile#dbarac#224#the imagination of the nation#29#the imagination of the nation#29#the imaginar<tion of the nation#31#29#0#1#1#0#1#12,49#1,069#2,402#2,24#26,90#26,90#3,33%#3,33%#0,00%#0,00%#3,33%#1,000#1,00#93,55%#6,45%
2022-01-16 16:28:22.022#Xiaomi-Mi A1#1080#1920#6,90#12,20#Hexagonal Keyboard#qwerty#One-handed#Portrait#true#false#false#false#session1-dbarac#MacKenzie500_assetFile#dbarac#447#wishful thinking is fine#24#wishful thinkng is fine#23#wishful thinkng is fine#23#23#1#0#0#0#0#11,23#1,000#1,960#1,96#23,52#22,54#4,17%#0,00%#4,17%#0,00%#0,00%#NaN#0,00#95,83%#4,17%
2022-01-16 16:28:37.037#Xiaomi-Mi A1#1080#1920#6,90#12,20#Hexagonal Keyboard#qwerty#One-handed#Portrait#true#false#false#false#session1-dbarac#MacKenzie500_assetFile#dbarac#498#experience is hard to come by#29#experience is hard to come by#29#experience is hard to come by#29#29#0#0#0#0#0#11,44#1,000#2,448#2,45#29,38#29,38#0,00%#0,00%#0,00%#0,00%#0,00%#NaN#NaN#100,00%#0,00%
2022-01-16 16:28:54.054#Xiaomi-Mi A1#1080#1920#6,90#12,20#Hexagonal Keyboard#qwerty#One-handed#Portrait#true#false#false#false#session1-dbarac#MacKenzie500_assetFile#dbarac#39#an offer you cannot refuse#26#an offeryoucannot refuse#24#an offerv<youcannot refuse#26#24#2#1#1#0#1#10,28#1,077#2,431#2,24#26,84#24,85#11,11%#3,70%#7,41%#0,00%#3,70%#1,000#0,33#85,71%#14,29%
2022-01-16 16:29:08.008#Xiaomi-Mi A1#1080#1920#6,90#12,20#Hexagonal Keyboard#qwerty#One-handed#Portrait#true#false#false#false#session1-dbarac#MacKenzie500_assetFile#dbarac#246#a yard is almost as a meter#27#a yard is almost aas a meter#28#a yard is almost aas a meter#28#27#1#0#0#0#0#11,05#1,000#2,443#2,44#29,31#28,26#3,57%#0,00%#3,57%#0,00%#0,00%#NaN#0,00#96,43%#3,57%
2022-01-16 16:29:24.024#Xiaomi-Mi A1#1080#1920#6,90#12,20#Hexagonal Keyboard#qwerty#One-handed#Portrait#true#false#false#false#session1-dbarac#MacKenzie500_assetFile#dbarac#188#where did you get that tie#26#where did you gt that tie#25#where did you gt that tie#25#25#1#0#0#0#0#10,93#1,000#2,196#2,20#26,35#25,34#3,85%#0,00%#3,85%#0,00%#0,00%#NaN#0,00#96,15%#3,85%
2022-01-16 16:29:40.040#Xiaomi-Mi A1#1080#1920#6,90#12,20#Hexagonal Keyboard#qwerty#One-handed#Portrait#true#false#false#false#session1-dbarac#MacKenzie500_assetFile#dbarac#411#prescription drugs require a note#33#rescription drugs require a note#32#rescription drugs require an< note#34#32#1#1#1#0#1#13,42#1,061#2,459#2,31#27,72#26,90#5,88%#2,94%#2,94%#0,00%#2,94%#1,000#0,50#91,43%#8,57%
2022-01-16 16:29:55.055#Xiaomi-Mi A1#1080#1920#6,90#12,20#Hexagonal Keyboard#qwerty#One-handed#Portrait#true#false#false#false#session1-dbarac#MacKenzie500_assetFile#dbarac#40#are you talking to me#21#are you talking to me#21#are you talking to me#21#21#0#0#0#0#0#7,64#1,000#2,618#2,62#31,41#31,41#0,00%#0,00%#0,00%#0,00%#0,00%#NaN#NaN#100,00%#0,00%
2022-01-16 16:30:09.009#Xiaomi-Mi A1#1080#1920#6,90#12,20#Hexagonal Keyboard#qwerty#One-handed#Portrait#true#false#false#false#session1-dbarac#MacKenzie500_assetFile#dbarac#126#i do not fully agree with you#29#i do notfully agree with you#28#i do notfully agree with you#28#28#1#0#0#0#0#10,20#1,000#2,648#2,65#31,77#30,68#3,45%#0,00%#3,45%#0,00%#0,00%#NaN#0,00#96,55%#3,45%
2022-01-16 16:30:28.028#Xiaomi-Mi A1#1080#1920#6,90#12,20#Hexagonal Keyboard#qwerty#One-handed#Portrait#true#false#false#false#session1-dbarac#MacKenzie500_assetFile#dbarac#343#the gun discharged by accident#30#the gun dischargd by accident#29#the gun dischargd by accideng<t#31#29#1#1#1#0#1#14,44#1,067#2,077#1,94#23,27#22,51#6,45%#3,23%#3,23%#0,00%#3,23%#1,000#0,50#90,63%#9,38%
2022-01-16 16:30:41.041#Xiaomi-Mi A1#1080#1920#6,90#12,20#Hexagonal Keyboard#qwerty#One-handed#Portrait#true#false#false#false#session1-dbarac#MacKenzie500_assetFile#dbarac#85#a quarter of a century#22#a quarter of a century#22#a quarter of a century#22#22#0#0#0#0#0#10,16#1,000#2,067#2,07#24,81#24,81#0,00%#0,00%#0,00%#0,00%#0,00%#NaN#NaN#100,00%#0,00%
2022-01-16 16:30:55.055#Xiaomi-Mi A1#1080#1920#6,90#12,20#Hexagonal Keyboard#qwerty#One-handed#Portrait#true#false#false#false#session1-dbarac#MacKenzie500_assetFile#dbarac#86#the store will close at ten#27#the store will vclose at ten#28#the store will vclose at ten#28#27#1#0#0#0#0#10,72#1,000#2,520#2,52#30,24#29,16#3,57%#0,00%#3,57%#0,00%#0,00%#NaN#0,00#96,43%#3,57%
2022-01-16 16:31:12.012#Xiaomi-Mi A1#1080#1920#6,90#12,20#Hexagonal Keyboard#qwerty#One-handed#Portrait#true#false#false#false#session1-dbarac#MacKenzie500_assetFile#dbarac#227#an occasional taste of chocolate#32#an occasional taste ofchocolate#31#an occasional taste ofchocolate#31#31#1#0#0#0#0#12,79#1,000#2,346#2,35#28,15#27,27#3,13%#0,00%#3,13%#0,00%#0,00%#NaN#0,00#96,88%#3,13%
2022-01-16 16:31:28.028#Xiaomi-Mi A1#1080#1920#6,90#12,20#Hexagonal Keyboard#qwerty#One-handed#Portrait#true#false#false#false#session1-dbarac#MacKenzie500_assetFile#dbarac#446#faster than a speeding bullet#29#faster thana speeding bullet#28#faster thana speeding bullet#28#28#1#0#0#0#0#13,04#1,000#2,070#2,07#24,84#23,98#3,45%#0,00%#3,45%#0,00%#0,00%#NaN#0,00#96,55%#3,45%
2022-01-16 16:31:52.052#Xiaomi-Mi A1#1080#1920#6,90#12,20#Hexagonal Keyboard#qwerty#One-handed#Portrait#true#false#false#false#session1-dbarac#MacKenzie500_assetFile#dbarac#281#prepare for the exam in advance#31#prepare for#11#prepare for#11#11#20#0#0#0#0#4,10#1,000#2,437#2,44#29,25#10,38#64,52%#0,00%#64,52%#0,00%#0,00%#NaN#0,00#35,48%#64,52%
2022-01-16 16:32:16.016#Xiaomi-Mi A1#1080#1920#6,90#12,20#Hexagonal Keyboard#qwerty#One-handed#Portrait#true#false#false#false#session1-dbarac#MacKenzie500_assetFile#dbarac#208#make up a few more phrases#26#make up a few more phrases#26#make up a few more phrases#26#26#0#0#0#0#0#11,59#1,000#2,157#2,16#25,88#25,88#0,00%#0,00%#0,00%#0,00%#0,00%#NaN#NaN#100,00%#0,00%
2022-01-16 16:32:32.032#Xiaomi-Mi A1#1080#1920#6,90#12,20#Hexagonal Keyboard#qwerty#One-handed#Portrait#true#false#false#false#session1-dbarac#MacKenzie500_assetFile#dbarac#401#dolphins leap high out of the water#35#dolphins leaphigh out of the water#34#dolphins leaphigh out of the water#34#34#1#0#0#0#0#13,39#1,000#2,464#2,46#29,57#28,72#2,86%#0,00%#2,86%#0,00%#0,00%#NaN#0,00#97,14%#2,86%
2022-01-16 16:32:42.042#Xiaomi-Mi A1#1080#1920#6,90#12,20#Hexagonal Keyboard#qwerty#One-handed#Portrait#true#false#false#false#session1-dbarac#MacKenzie500_assetFile#dbarac#313#the assault took six months#27#th assault took#15#th assai<ult took#17#15#12#1#1#0#1#5,84#1,074#2,739#2,40#28,76#16,44#46,43%#3,57%#42,86%#0,00%#3,57%#1,000#0,08#51,72%#48,28%

2022-01-15 11:16:01.001#samsung-SM-A326B#720#1339#6,80#12,64#Hexagonal Keyboard#hexagonal#One-handed#Portrait#true#false#false#false#filip#MacKenzie500_assetFile#filip#162#get rid of that immediately#27#get rid of that immediatley#27#get rid of that immediatley#27#25#2#0#0#0#0#13,42#1,000#1,937#1,94#23,25#21,53#7,41%#0,00%#7,41%#0,00%#0,00%#NaN#0,00#92,59%#7,41%
2022-01-15 11:16:14.014#samsung-SM-A326B#720#1339#6,80#12,64#Hexagonal Keyboard#hexagonal#One-handed#Portrait#true#false#false#false#filip#MacKenzie500_assetFile#filip#182#my dog sheds his hair#21#my dkg shedz his hair#21#my dkg shedz his hair#21#19#2#0#0#0#0#9,16#1,000#2,185#2,18#26,22#23,72#9,52%#0,00%#9,52%#0,00%#0,00%#NaN#0,00#90,48%#9,52%
2022-01-15 11:16:35.035#samsung-SM-A326B#720#1339#6,80#12,64#Hexagonal Keyboard#hexagonal#One-handed#Portrait#true#false#false#false#filip#MacKenzie500_assetFile#filip#494#a good stimulus deserves a good response#40#a gokd stimulus deserves a good response#40#a gokd stimulus deserves a good response#40#39#1#0#0#0#0#18,01#1,000#2,166#2,17#25,99#25,34#2,50%#0,00%#2,50%#0,00%#0,00%#NaN#0,00#97,50%#2,50%
2022-01-15 11:16:48.048#samsung-SM-A326B#720#1339#6,80#12,64#Hexagonal Keyboard#hexagonal#One-handed#Portrait#true#false#false#false#filip#MacKenzie500_assetFile#filip#250#i like to play tennis#21#i like to pla tennis#20#i like to pla tennis#20#20#1#0#0#0#0#9,19#1,000#2,067#2,07#24,81#23,63#4,76%#0,00%#4,76%#0,00%#0,00%#NaN#0,00#95,24%#4,76%
2022-01-15 11:17:08.008#samsung-SM-A326B#720#1339#6,80#12,64#Hexagonal Keyboard#hexagonal#One-handed#Portrait#true#false#false#false#filip#MacKenzie500_assetFile#filip#393#people blow their horn a lot#28#people blow theyr horn a lot#28#people blow theyr horn a lot#28#27#1#0#0#0#0#14,04#1,000#1,923#1,92#23,07#22,25#3,57%#0,00%#3,57%#0,00%#0,00%#NaN#0,00#96,43%#3,57%
2022-01-15 11:17:28.028#samsung-SM-A326B#720#1339#6,80#12,64#Hexagonal Keyboard#hexagonal#One-handed#Portrait#true#false#false#false#filip#MacKenzie500_assetFile#filip#220#if you were not so stupid#25#if yh where not stupid#22#if yh where nk<ot stupid#24#19#6#1#1#0#1#16,06#1,080#1,432#1,31#15,69#12,07#26,92%#3,85%#23,08%#0,00%#3,85%#1,000#0,14#70,37%#29,63%
2022-01-15 11:17:48.048#samsung-SM-A326B#720#1339#6,80#12,64#Hexagonal Keyboard#hexagonal#One-handed#Portrait#true#false#false#false#filip#MacKenzie500_assetFile#filip#258#mystery of the lost lagoon#26#mystery of the lost draagon#27#mystery of the lost draagon#27#23#4#0#0#0#0#16,17#1,000#1,608#1,61#19,29#16,43#14,81%#0,00%#14,81%#0,00%#0,00%#NaN#0,00#85,19%#14,81%
2022-01-15 11:18:19.019#samsung-SM-A326B#720#1339#6,80#12,64#Hexagonal Keyboard#hexagonal#One-handed#Portrait#true#false#false#false#filip#MacKenzie500_assetFile#filip#157#freud wrote of the ego#22#freud wrrote of he eog#22#freud wrrote of he eg<o<og#26#18#4#2#2#1#1#19,53#1,182#1,280#1,08#12,91#10,75#25,00%#8,33%#16,67%#4,17%#4,17%#1,000#0,33#69,23%#30,77%
2022-01-15 11:19:12.012#samsung-SM-A326B#720#1339#6,80#12,64#Hexagonal Keyboard#hexagonal#One-handed#Portrait#true#false#false#false#filip#MacKenzie500_assetFile#filip#370#drugs should be avoided#23#drugs should beede  avvoided#28#drugs should beede  avvoided#28#23#5#0#0#0#0#18,04#1,000#1,497#1,50#17,96#14,75#17,86%#0,00%#17,86%#0,00%#0,00%#NaN#0,00#82,14%#17,86%
2022-01-15 11:20:15.015#samsung-SM-A326B#720#1339#6,80#12,64#Hexagonal Keyboard#hexagonal#One-handed#Portrait#true#false#false#false#filip#MacKenzie500_assetFile#filip#387#important for political parties#31#importwnt for political partiess#32#importwnt for political partiess#32#30#2#0#0#0#0#25,06#1,000#1,237#1,24#14,84#13,92#6,25%#0,00%#6,25%#0,00%#0,00%#NaN#0,00#93,75%#6,25%
2022-01-15 11:20:39.039#samsung-SM-A326B#720#1339#6,80#12,64#Hexagonal Keyboard#hexagonal#One-handed#Portrait#true#false#false#false#filip#MacKenzie500_assetFile#filip#5#i can see the rings on saturn#29#i can see the rings of saturn#29#i can see the rings ol<<of saturn#33#28#1#2#2#1#1#18,14#1,138#1,764#1,54#18,52#17,92#9,68%#6,45%#3,23%#3,23%#3,23%#1,000#0,67#84,85%#15,15%
2022-01-15 11:21:00.000#samsung-SM-A326B#720#1339#6,80#12,64#Hexagonal Keyboard#hexagonal#One-handed#Portrait#true#false#false#false#filip#MacKenzie500_assetFile#filip#257#an airport is a very busy place#31#an aiport is vey busy  plaace#29#an aiport is vey busy  plaace#29#25#6#0#0#0#0#18,29#1,000#1,531#1,53#18,37#14,81#19,35%#0,00%#19,35%#0,00%#0,00%#NaN#0,00#80,65%#19,35%
2022-01-15 11:21:18.018#samsung-SM-A326B#720#1339#6,80#12,64#Hexagonal Keyboard#hexagonal#One-handed#Portrait#true#false#false#false#filip#MacKenzie500_assetFile#filip#211#bad for the environment#23#bad for the environment#23#bad for g<the environment#25#23#0#1#1#0#1#16,31#1,087#1,472#1,35#16,19#16,19#4,17%#4,17%#0,00%#0,00%#4,17%#1,000#1,00#92,00%#8,00%
2022-01-15 11:21:49.049#samsung-SM-A326B#720#1339#6,80#12,64#Hexagonal Keyboard#hexagonal#One-handed#Portrait#true#false#false#false#filip#MacKenzie500_assetFile#filip#115#teaching services will help#27#teaching services will help#27#teaching services will j<help#29#27#0#1#1#0#1#19,38#1,074#1,445#1,34#16,10#16,10#3,57%#3,57%#0,00%#0,00%#3,57%#1,000#1,00#93,10%#6,90%
2022-01-15 11:22:11.011#samsung-SM-A326B#720#1339#6,80#12,64#Hexagonal Keyboard#hexagonal#One-handed#Portrait#true#false#false#false#filip#MacKenzie500_assetFile#filip#180#seasoned golfers love the game#30#seasoned golfers love the game#30#seasoned gl<l<olfers love the game#34#30#0#2#2#0#2#19,35#1,133#1,705#1,50#17,98#17,98#6,25%#6,25%#0,00%#0,00%#6,25%#1,000#1,00#88,24%#11,76%
2022-01-15 11:22:36.036#samsung-SM-A326B#720#1339#6,80#12,64#Hexagonal Keyboard#hexagonal#One-handed#Portrait#true#false#false#false#filip#MacKenzie500_assetFile#filip#269#the dog buried the bone#23#the dog buried the bone#23#tn<he d<dog buried the n<bone#29#23#0#3#3#1#2#21,33#1,261#1,313#1,03#12,38#12,38#11,54%#11,54%#0,00%#3,85%#7,69%#1,000#1,00#79,31%#20,69%
2022-01-15 11:22:54.054#samsung-SM-A326B#720#1339#6,80#12,64#Hexagonal Keyboard#hexagonal#One-handed#Portrait#true#false#false#false#filip#MacKenzie500_assetFile#filip#46#the dreamers of dreams#22#the dreamers of dreams#22#the dreamers f<of dreams#24#22#0#1#1#0#1#15,78#1,091#1,458#1,33#15,97#15,97#4,35%#4,35%#0,00%#0,00%#4,35%#1,000#1,00#91,67%#8,33%
2022-01-15 11:23:20.020#samsung-SM-A326B#720#1339#6,80#12,64#Hexagonal Keyboard#hexagonal#One-handed#Portrait#true#false#false#false#filip#MacKenzie500_assetFile#filip#332#this library has many books#27#the library hs many books#25#the library hs<s manhbok<<<<y books#35#24#3#5#5#0#5#22,44#1,370#1,515#1,07#12,83#11,63#25,00%#15,63%#9,38%#0,00%#15,63%#1,000#0,63#64,86%#35,14%
2022-01-15 11:23:39.039#samsung-SM-A326B#720#1339#6,80#12,64#Hexagonal Keyboard#hexagonal#One-handed#Portrait#true#false#false#false#filip#MacKenzie500_assetFile#filip#465#find a nearby parking spot#26#find a nerby parking spot#25#find a nerby parking spot#25#25#1#0#0#0#0#16,26#1,000#1,476#1,48#17,71#17,03#3,85%#0,00%#3,85%#0,00%#0,00%#NaN#0,00#96,15%#3,85%
2022-01-15 11:24:05.005#samsung-SM-A326B#720#1339#6,80#12,64#Hexagonal Keyboard#hexagonal#One-handed#Portrait#true#false#false#false#filip#MacKenzie500_assetFile#filip#218#effort is what it will take#27#effot is what will it  take#27#d<effot is worth<<<<hat will it  take#37#20#7#5#5#0#5#23,38#1,370#1,540#1,11#13,35#10,43#37,50%#15,63%#21,88%#0,00%#15,63%#1,000#0,42#54,05%#45,95%

2022-01-15 22:06:27.027#Sony-G3221#1080#1776#7,40#12,21#Hexagonal Keyboard#qwerty#One-handed#Portrait#true#false#false#false#session4-ingo#MacKenzie500_assetFile#ingo#317#a good joke deserves a good laugh#33#a good joke deserves a good laugh#33#a good y<joke deserves a good laugh#35#33#0#1#1#0#1#15,15#1,061#2,244#2,11#25,34#25,34#2,94%#2,94%#0,00%#0,00%#2,94%#1,000#1,00#94,29%#5,71%
2022-01-15 22:06:41.041#Sony-G3221#1080#1776#7,40#12,21#Hexagonal Keyboard#qwerty#One-handed#Portrait#true#false#false#false#session4-ingo#MacKenzie500_assetFile#ingo#188#where did you get that tie#26#where did you get that tie#26#where did you get that tie#26#26#0#0#0#0#0#10,38#1,000#2,410#2,41#28,92#28,92#0,00%#0,00%#0,00%#0,00%#0,00%#NaN#NaN#100,00%#0,00%
2022-01-15 22:06:55.055#Sony-G3221#1080#1776#7,40#12,21#Hexagonal Keyboard#qwerty#One-handed#Portrait#true#false#false#false#session4-ingo#MacKenzie500_assetFile#ingo#265#tickets are very expensive#26#tickets are very expensive #27#tickets are very expensive #27#26#1#0#0#0#0#11,94#1,000#2,177#2,18#26,13#25,16#3,70%#0,00%#3,70%#0,00%#0,00%#NaN#0,00#96,30%#3,70%
2022-01-15 22:07:11.011#Sony-G3221#1080#1776#7,40#12,21#Hexagonal Keyboard#qwerty#One-handed#Portrait#true#false#false#false#session4-ingo#MacKenzie500_assetFile#ingo#127#gas bills are sent monthly#26#gas bills are sent monthly#26#gas bills are senr<t monthly#28#26#0#1#1#0#1#13,08#1,077#2,065#1,91#22,94#22,94#3,70%#3,70%#0,00%#0,00%#3,70%#1,000#1,00#92,86%#7,14%
2022-01-15 22:07:25.025#Sony-G3221#1080#1776#7,40#12,21#Hexagonal Keyboard#qwerty#One-handed#Portrait#true#false#false#false#session4-ingo#MacKenzie500_assetFile#ingo#214#the winner of the race#22#the winner of the race#22#the winner of tne<<he race#26#22#0#2#2#1#1#11,47#1,182#2,179#1,83#21,97#21,97#8,33%#8,33%#0,00%#4,17%#4,17%#1,000#1,00#84,62%#15,38%
2022-01-15 22:07:36.036#Sony-G3221#1080#1776#7,40#12,21#Hexagonal Keyboard#qwerty#One-handed#Portrait#true#false#false#false#session4-ingo#MacKenzie500_assetFile#ingo#178#he is shouting loudly#21#he is shouting loudly#21#he is shouting loudly#21#21#0#0#0#0#0#8,90#1,000#2,247#2,25#26,97#26,97#0,00%#0,00%#0,00%#0,00%#0,00%#NaN#NaN#100,00%#0,00%
2022-01-15 22:07:46.046#Sony-G3221#1080#1776#7,40#12,21#Hexagonal Keyboard#qwerty#One-handed#Portrait#true#false#false#false#session4-ingo#MacKenzie500_assetFile#ingo#470#i cannot believe i ate the whole thing#38#i cannot believe i ate#22#i cannot believe i ate#22#22#16#0#0#0#0#7,90#1,000#2,660#2,66#31,91#18,48#42,11%#0,00%#42,11%#0,00%#0,00%#NaN#0,00#57,89%#42,11%
2022-01-15 22:08:11.011#Sony-G3221#1080#1776#7,40#12,21#Hexagonal Keyboard#qwerty#One-handed#Portrait#true#false#false#false#session4-ingo#MacKenzie500_assetFile#ingo#72#there will be some fog tonight#30#there will be some fog tonight#30#there s<will be some fog tonight#32#30#0#1#1#0#1#15,45#1,067#2,007#1,88#22,53#22,53#3,23%#3,23%#0,00%#0,00%#3,23%#1,000#1,00#93,75%#6,25%
2022-01-15 22:08:21.021#Sony-G3221#1080#1776#7,40#12,21#Hexagonal Keyboard#qwerty#One-handed#Portrait#true#false#false#false#session4-ingo#MacKenzie500_assetFile#ingo#98#have a good weekend#19#have a good weekend#19#have a good weekend#19#19#0#0#0#0#0#8,13#1,000#2,213#2,21#26,56#26,56#0,00%#0,00%#0,00%#0,00%#0,00%#NaN#NaN#100,00%#0,00%
2022-01-15 22:08:30.030#Sony-G3221#1080#1776#7,40#12,21#Hexagonal Keyboard#qwerty#One-handed#Portrait#true#false#false#false#session4-ingo#MacKenzie500_assetFile#ingo#166#peek out the window#19#peek out a window#17#peek out a window#17#16#3#0#0#0#0#7,60#1,000#2,105#2,11#25,26#21,27#15,79%#0,00%#15,79%#0,00%#0,00%#NaN#0,00#84,21%#15,79%
2022-01-15 22:08:50.050#Sony-G3221#1080#1776#7,40#12,21#Hexagonal Keyboard#qwerty#One-handed#Portrait#true#false#false#false#session4-ingo#MacKenzie500_assetFile#ingo#218#effort is what it will take#27#effort is what it will take#27#effort is what it will take#27#27#0#0#0#0#0#14,92#1,000#1,743#1,74#20,91#20,91#0,00%#0,00%#0,00%#0,00%#0,00%#NaN#NaN#100,00%#0,00%
2022-01-15 22:09:05.005#Sony-G3221#1080#1776#7,40#12,21#Hexagonal Keyboard#qwerty#One-handed#Portrait#true#false#false#false#session4-ingo#MacKenzie500_assetFile#ingo#169#i skimmed through your proposal#31#i skimmed through your proposal#31#i skimmed through your proposal#31#31#0#0#0#0#0#13,13#1,000#2,286#2,29#27,43#27,43#0,00%#0,00%#0,00%#0,00%#0,00%#NaN#NaN#100,00%#0,00%
2022-01-15 22:09:21.021#Sony-G3221#1080#1776#7,40#12,21#Hexagonal Keyboard#qwerty#One-handed#Portrait#true#false#false#false#session4-ingo#MacKenzie500_assetFile#ingo#266#a picture is worth many words#29#a picture is worth many words#29#a picture is worth many words#29#29#0#0#0#0#0#13,44#1,000#2,084#2,08#25,00#25,00#0,00%#0,00%#0,00%#0,00%#0,00%#NaN#NaN#100,00%#0,00%
2022-01-15 22:09:37.037#Sony-G3221#1080#1776#7,40#12,21#Hexagonal Keyboard#qwerty#One-handed#Portrait#true#false#false#false#session4-ingo#MacKenzie500_assetFile#ingo#486#staying up all night is a bad idea#34#staying up all night is a bad idea#34#staying up all night is a bad idea#34#34#0#0#0#0#0#13,09#1,000#2,521#2,52#30,25#30,25#0,00%#0,00%#0,00%#0,00%#0,00%#NaN#NaN#100,00%#0,00%
2022-01-15 22:09:49.049#Sony-G3221#1080#1776#7,40#12,21#Hexagonal Keyboard#qwerty#One-handed#Portrait#true#false#false#false#session4-ingo#MacKenzie500_assetFile#ingo#330#february has an extra day#25#february has an extra day#25#february has an extra day#25#25#0#0#0#0#0#9,72#1,000#2,468#2,47#29,62#29,62#0,00%#0,00%#0,00%#0,00%#0,00%#NaN#NaN#100,00%#0,00%
2022-01-15 22:10:03.003#Sony-G3221#1080#1776#7,40#12,21#Hexagonal Keyboard#qwerty#One-handed#Portrait#true#false#false#false#session4-ingo#MacKenzie500_assetFile#ingo#262#obligations must be met first#29#obligtions must br met first#28#obligtions must br met first#28#27#2#0#0#0#0#11,81#1,000#2,285#2,29#27,43#25,53#6,90%#0,00%#6,90%#0,00%#0,00%#NaN#0,00#93,10%#6,90%
2022-01-15 22:10:18.018#Sony-G3221#1080#1776#7,40#12,21#Hexagonal Keyboard#qwerty#One-handed#Portrait#true#false#false#false#session4-ingo#MacKenzie500_assetFile#ingo#438#do you prefer a window seat#27#do you prefer a window seat#27#do you prefer a a<window seat#29#27#0#1#1#0#1#12,62#1,074#2,218#2,06#24,72#24,72#3,57%#3,57%#0,00%#0,00%#3,57%#1,000#1,00#93,10%#6,90%
2022-01-15 22:10:35.035#Sony-G3221#1080#1776#7,40#12,21#Hexagonal Keyboard#qwerty#One-handed#Portrait#true#false#false#false#session4-ingo#MacKenzie500_assetFile#ingo#77#the king sends you to the tower#31#the king sends you to the tower#31#the king sends you to the tower#31#31#0#0#0#0#0#11,74#1,000#2,554#2,55#30,65#30,65#0,00%#0,00%#0,00%#0,00%#0,00%#NaN#NaN#100,00%#0,00%
2022-01-15 22:10:49.049#Sony-G3221#1080#1776#7,40#12,21#Hexagonal Keyboard#qwerty#One-handed#Portrait#true#false#false#false#session4-ingo#MacKenzie500_assetFile#ingo#427#quit while you are ahead#24#quit while you are ahead#24#quit while you are z<ahead#26#24#0#1#1#0#1#10,24#1,083#2,440#2,25#26,94#26,94#4,00%#4,00%#0,00%#0,00%#4,00%#1,000#1,00#92,31%#7,69%
2022-01-15 22:11:06.006#Sony-G3221#1080#1776#7,40#12,21#Hexagonal Keyboard#qwerty#One-handed#Portrait#true#false#false#false#session4-ingo#MacKenzie500_assetFile#ingo#339#that agreement is rife with problems#36#that agreement is rife with problems#36#that agreement is rife with problems#36#36#0#0#0#0#0#13,67#1,000#2,561#2,56#30,73#30,73#0,00%#0,00%#0,00%#0,00%#0,00%#NaN#NaN#100,00%#0,00%

2022-01-13 15:01:26.026#samsung-SM-G900F#1080#1920#6,50#11,50#Hexagonal Keyboard#qwerty#One-handed#Portrait#true#false#false#false#session1-josip#MacKenzie500_assetFile#josip#156#win first prize in the contest#30#win first prize in the contest#30#win first prize in the contest#30#30#0#0#0#0#0#18,42#1,000#1,574#1,57#18,89#18,89#0,00%#0,00%#0,00%#0,00%#0,00%#NaN#NaN#100,00%#0,00%
2022-01-13 15:01:42.042#samsung-SM-G900F#1080#1920#6,50#11,50#Hexagonal Keyboard#qwerty#One-handed#Portrait#true#false#false#false#session1-josip#MacKenzie500_assetFile#josip#123#communicate through email#25#communicate through email#25#communicate through email#25#25#0#0#0#0#0#12,89#1,000#1,862#1,86#22,34#22,34#0,00%#0,00%#0,00%#0,00%#0,00%#NaN#NaN#100,00%#0,00%
2022-01-13 15:01:58.058#samsung-SM-G900F#1080#1920#6,50#11,50#Hexagonal Keyboard#qwerty#One-handed#Portrait#true#false#false#false#session1-josip#MacKenzie500_assetFile#josip#134#the kids are very excited#25#the ids are very excited#24#the ids are very excited#24#24#1#0#0#0#0#13,41#1,000#1,715#1,72#20,58#19,76#4,00%#0,00%#4,00%#0,00%#0,00%#NaN#0,00#96,00%#4,00%
2022-01-13 15:02:19.019#samsung-SM-G900F#1080#1920#6,50#11,50#Hexagonal Keyboard#qwerty#One-handed#Portrait#true#false#false#false#session1-josip#MacKenzie500_assetFile#josip#121#this watch is too expensive#27#this watch is too expensive#27#this watch is too expensive#27#27#0#0#0#0#0#18,14#1,000#1,433#1,43#17,20#17,20#0,00%#0,00%#0,00%#0,00%#0,00%#NaN#NaN#100,00%#0,00%
2022-01-13 15:02:33.033#samsung-SM-G900F#1080#1920#6,50#11,50#Hexagonal Keyboard#qwerty#One-handed#Portrait#true#false#false#false#session1-josip#MacKenzie500_assetFile#josip#24#love means many things#22#love means many things#22#love means many things#22#22#0#0#0#0#0#11,80#1,000#1,780#1,78#21,36#21,36#0,00%#0,00%#0,00%#0,00%#0,00%#NaN#NaN#100,00%#0,00%
2022-01-13 15:02:56.056#samsung-SM-G900F#1080#1920#6,50#11,50#Hexagonal Keyboard#qwerty#One-handed#Portrait#true#false#false#false#session1-josip#MacKenzie500_assetFile#josip#291#sharp cheese keeps the mind sharp#33#sharo cheese keeps the mind sharp#33#sharo cheese keeps the mind sharp#33#32#1#0#0#0#0#20,46#1,000#1,564#1,56#18,77#18,20#3,03%#0,00%#3,03%#0,00%#0,00%#NaN#0,00#96,97%#3,03%
2022-01-13 15:03:14.014#samsung-SM-G900F#1080#1920#6,50#11,50#Hexagonal Keyboard#qwerty#One-handed#Portrait#true#false#false#false#session1-josip#MacKenzie500_assetFile#josip#300#sign the withdrawal slip#24#sign the withdrawal slip#24#sign the withdrawal slip#24#24#0#0#0#0#0#14,94#1,000#1,539#1,54#18,47#18,47#0,00%#0,00%#0,00%#0,00%#0,00%#NaN#NaN#100,00%#0,00%
2022-01-13 15:03:32.032#samsung-SM-G900F#1080#1920#6,50#11,50#Hexagonal Keyboard#qwerty#One-handed#Portrait#true#false#false#false#session1-josip#MacKenzie500_assetFile#josip#324#you should visit a doctor#25#you should visit the doctor#27#you should visit the doctor#27#24#3#0#0#0#0#13,90#1,000#1,870#1,87#22,44#19,95#11,11%#0,00%#11,11%#0,00%#0,00%#NaN#0,00#88,89%#11,11%
2022-01-13 15:03:56.056#samsung-SM-G900F#1080#1920#6,50#11,50#Hexagonal Keyboard#qwerty#One-handed#Portrait#true#false#false#false#session1-josip#MacKenzie500_assetFile#josip#470#i cannot believe i ate the whole thing#38#i cannot believe i ate the whole thing#38#i cannot believe i ate the whole thing#38#38#0#0#0#0#0#20,56#1,000#1,800#1,80#21,60#21,60#0,00%#0,00%#0,00%#0,00%#0,00%#NaN#NaN#100,00%#0,00%
2022-01-13 15:04:17.017#samsung-SM-G900F#1080#1920#6,50#11,50#Hexagonal Keyboard#qwerty#One-handed#Portrait#true#false#false#false#session1-josip#MacKenzie500_assetFile#josip#388#that sticker needs to be validated#34#that sticker needs to be validated#34#that sticker needs to be validated#34#34#0#0#0#0#0#17,84#1,000#1,850#1,85#22,20#22,20#0,00%#0,00%#0,00%#0,00%#0,00%#NaN#NaN#100,00%#0,00%
2022-01-13 15:04:35.035#samsung-SM-G900F#1080#1920#6,50#11,50#Hexagonal Keyboard#qwerty#One-handed#Portrait#true#false#false#false#session1-josip#MacKenzie500_assetFile#josip#298#six daughters and seven sons#28#six daughters and seven sons#28#six daughters and seven sons#28#28#0#0#0#0#0#14,61#1,000#1,848#1,85#22,18#22,18#0,00%#0,00%#0,00%#0,00%#0,00%#NaN#NaN#100,00%#0,00%
2022-01-13 15:04:47.047#samsung-SM-G900F#1080#1920#6,50#11,50#Hexagonal Keyboard#qwerty#One-handed#Portrait#true#false#false#false#session1-josip#MacKenzie500_assetFile#josip#58#the cotton is high#18#the cotton is high#18#the cotton is high#18#18#0#0#0#0#0#8,87#1,000#1,916#1,92#22,99#22,99#0,00%#0,00%#0,00%#0,00%#0,00%#NaN#NaN#100,00%#0,00%
2022-01-13 15:05:04.004#samsung-SM-G900F#1080#1920#6,50#11,50#Hexagonal Keyboard#qwerty#One-handed#Portrait#true#false#false#false#session1-josip#MacKenzie500_assetFile#josip#301#relations are very strained#27#rlations are very strained#26#rlations are very strained#26#26#1#0#0#0#0#13,04#1,000#1,918#1,92#23,01#22,16#3,70%#0,00%#3,70%#0,00%#0,00%#NaN#0,00#96,30%#3,70%
2022-01-13 15:05:23.023#samsung-SM-G900F#1080#1920#6,50#11,50#Hexagonal Keyboard#qwerty#One-handed#Portrait#true#false#false#false#session1-josip#MacKenzie500_assetFile#josip#163#i watched blazing saddles#25#i watched blazing saddles#25#i watched blazing saddles#25#25#0#0#0#0#0#16,18#1,000#1,483#1,48#17,79#17,79#0,00%#0,00%#0,00%#0,00%#0,00%#NaN#NaN#100,00%#0,00%
2022-01-13 15:05:39.039#samsung-SM-G900F#1080#1920#6,50#11,50#Hexagonal Keyboard#qwerty#One-handed#Portrait#true#false#false#false#session1-josip#MacKenzie500_assetFile#josip#307#there are winners and losers#28#tere are winners and losers#27#tere are winners and losers#27#27#1#0#0#0#0#13,54#1,000#1,920#1,92#23,04#22,22#3,57%#0,00%#3,57%#0,00%#0,00%#NaN#0,00#96,43%#3,57%
2022-01-13 15:05:55.055#samsung-SM-G900F#1080#1920#6,50#11,50#Hexagonal Keyboard#qwerty#One-handed#Portrait#true#false#false#false#session1-josip#MacKenzie500_assetFile#josip#375#he watched in astonishment#26#he watched in astonishment#26#he watched in astonishment#26#26#0#0#0#0#0#13,95#1,000#1,792#1,79#21,50#21,50#0,00%#0,00%#0,00%#0,00%#0,00%#NaN#NaN#100,00%#0,00%
2022-01-13 15:06:08.008#samsung-SM-G900F#1080#1920#6,50#11,50#Hexagonal Keyboard#qwerty#One-handed#Portrait#true#false#false#false#session1-josip#MacKenzie500_assetFile#josip#142#it is very windy today#22#it is very windy today#22#it is very windy today#22#22#0#0#0#0#0#9,67#1,000#2,172#2,17#26,06#26,06#0,00%#0,00%#0,00%#0,00%#0,00%#NaN#NaN#100,00%#0,00%
2022-01-13 15:06:24.024#samsung-SM-G900F#1080#1920#6,50#11,50#Hexagonal Keyboard#qwerty#One-handed#Portrait#true#false#false#false#session1-josip#MacKenzie500_assetFile#josip#274#a touchdown in the last minute#30#a touchdown in the last minute#30#a touchdown in the last minute#30#30#0#0#0#0#0#13,50#1,000#2,148#2,15#25,78#25,78#0,00%#0,00%#0,00%#0,00%#0,00%#NaN#NaN#100,00%#0,00%
2022-01-13 15:06:42.042#samsung-SM-G900F#1080#1920#6,50#11,50#Hexagonal Keyboard#qwerty#One-handed#Portrait#true#false#false#false#session1-josip#MacKenzie500_assetFile#josip#14#three two one zero blast off#28#three two one zero blast off#28#three two one zero blast off#28#28#0#0#0#0#0#14,04#1,000#1,923#1,92#23,08#23,08#0,00%#0,00%#0,00%#0,00%#0,00%#NaN#NaN#100,00%#0,00%
2022-01-13 15:06:55.055#samsung-SM-G900F#1080#1920#6,50#11,50#Hexagonal Keyboard#qwerty#One-handed#Portrait#true#false#false#false#session1-josip#MacKenzie500_assetFile#josip#42#all work and no play#20#all work and no play#20#all work and no play#20#20#0#0#0#0#0#10,22#1,000#1,859#1,86#22,31#22,31#0,00%#0,00%#0,00%#0,00%#0,00%#NaN#NaN#100,00%#0,00%

2022-01-16 12:52:09.009#samsung-SM-A528B#1080#2009#6,70#12,56#Hexagonal Keyboard#qwerty#One-handed#Portrait#true#false#false#false#session2-kkrapic#MacKenzie500_assetFile#kkrapic#307#there are winners and losers#28#there are winners and losers#28#there are winners and losers#28#28#0#0#0#0#0#14,86#1,000#1,817#1,82#21,81#21,81#0,00%#0,00%#0,00%#0,00%#0,00%#NaN#NaN#100,00%#0,00%
2022-01-16 12:52:24.024#samsung-SM-A528B#1080#2009#6,70#12,56#Hexagonal Keyboard#qwerty#One-handed#Portrait#true#false#false#false#session2-kkrapic#MacKenzie500_assetFile#kkrapic#163#i watched blazing saddles#25#i watched blzing saddles#24#i watched blzing saddles#24#24#1#0#0#0#0#12,59#1,000#1,828#1,83#21,93#21,05#4,00%#0,00%#4,00%#0,00%#0,00%#NaN#0,00#96,00%#4,00%
2022-01-16 12:52:44.044#samsung-SM-A528B#1080#2009#6,70#12,56#Hexagonal Keyboard#qwerty#One-handed#Portrait#true#false#false#false#session2-kkrapic#MacKenzie500_assetFile#kkrapic#76#my preferred treat is chocolate#31#my preferred treat is chocolate#31#my preferred treat is chocolate#31#31#0#0#0#0#0#17,22#1,000#1,743#1,74#20,91#20,91#0,00%#0,00%#0,00%#0,00%#0,00%#NaN#NaN#100,00%#0,00%
2022-01-16 12:53:09.009#samsung-SM-A528B#1080#2009#6,70#12,56#Hexagonal Keyboard#qwerty#One-handed#Portrait#true#false#false#false#session2-kkrapic#MacKenzie500_assetFile#kkrapic#425#for murder you get a long prison sentence#41#for murder you get a long prison sentence#41#for murder you get a lom<ng prison sentence#43#41#0#1#1#0#1#21,92#1,049#1,916#1,82#21,90#21,90#2,38%#2,38%#0,00%#0,00%#2,38%#1,000#1,00#95,35%#4,65%
2022-01-16 12:53:27.027#samsung-SM-A528B#1080#2009#6,70#12,56#Hexagonal Keyboard#qwerty#One-handed#Portrait#true#false#false#false#session2-kkrapic#MacKenzie500_assetFile#kkrapic#443#spill coffee on the carpet#26#spill coffee on the carpet#26#spill coffee on the carpet#26#26#0#0#0#0#0#11,96#1,000#2,090#2,09#25,08#25,08#0,00%#0,00%#0,00%#0,00%#0,00%#NaN#NaN#100,00%#0,00%
2022-01-16 12:53:41.041#samsung-SM-A528B#1080#2009#6,70#12,56#Hexagonal Keyboard#qwerty#One-handed#Portrait#true#false#false#false#session2-kkrapic#MacKenzie500_assetFile#kkrapic#151#she wears too much makeup#25#she wears too much makeup#25#she wears too much makeup#25#25#0#0#0#0#0#12,60#1,000#1,905#1,90#22,86#22,86#0,00%#0,00%#0,00%#0,00%#0,00%#NaN#NaN#100,00%#0,00%
2022-01-16 12:54:01.001#samsung-SM-A528B#1080#2009#6,70#12,56#Hexagonal Keyboard#qwerty#One-handed#Portrait#true#false#false#false#session2-kkrapic#MacKenzie500_assetFile#kkrapic#413#nothing finer than discovering a treasure#41#nothing finer than discovering a treadure#41#nothing finer than discovering a treadure#41#40#1#0#0#0#0#17,84#1,000#2,243#2,24#26,91#26,25#2,44%#0,00%#2,44%#0,00%#0,00%#NaN#0,00#97,56%#2,44%
2022-01-16 12:54:22.022#samsung-SM-A528B#1080#2009#6,70#12,56#Hexagonal Keyboard#qwerty#One-handed#Portrait#true#false#false#false#session2-kkrapic#MacKenzie500_assetFile#kkrapic#193#shall we play a round of cards#30#shall we play a round of cards#30#shall we playa<<y a round of catds<<<rds#40#30#0#5#5#3#2#19,38#1,333#2,013#1,50#17,96#17,96#14,29%#14,29%#0,00%#8,57%#5,71%#1,000#1,00#75,00%#25,00%
2022-01-16 12:54:37.037#samsung-SM-A528B#1080#2009#6,70#12,56#Hexagonal Keyboard#qwerty#One-handed#Portrait#true#false#false#false#session2-kkrapic#MacKenzie500_assetFile#kkrapic#332#this library has many books#27#this library has manybooks#26#this library has manybooks#26#26#1#0#0#0#0#12,92#1,000#1,936#1,94#23,23#22,37#3,70%#0,00%#3,70%#0,00%#0,00%#NaN#0,00#96,30%#3,70%
2022-01-16 12:54:54.054#samsung-SM-A528B#1080#2009#6,70#12,56#Hexagonal Keyboard#qwerty#One-handed#Portrait#true#false#false#false#session2-kkrapic#MacKenzie500_assetFile#kkrapic#276#a good response to the question#31#a good response to the question#31#a good response to the question#31#31#0#0#0#0#0#14,41#1,000#2,082#2,08#24,98#24,98#0,00%#0,00%#0,00%#0,00%#0,00%#NaN#NaN#100,00%#0,00%
2022-01-16 12:55:08.008#samsung-SM-A528B#1080#2009#6,70#12,56#Hexagonal Keyboard#qwerty#One-handed#Portrait#true#false#false#false#session2-kkrapic#MacKenzie500_assetFile#kkrapic#41#yes you are very smart#22#yes you are vry smart#21#yes you are vry smart#21#21#1#0#0#0#0#12,33#1,000#1,622#1,62#19,47#18,58#4,55%#0,00%#4,55%#0,00%#0,00%#NaN#0,00#95,45%#4,55%
2022-01-16 12:55:26.026#samsung-SM-A528B#1080#2009#6,70#12,56#Hexagonal Keyboard#qwerty#One-handed#Portrait#true#false#false#false#session2-kkrapic#MacKenzie500_assetFile#kkrapic#48#space is a high priority#24#space isa high priority#23#space isa hohl<<<igh priority#29#23#1#3#3#0#3#15,65#1,250#1,789#1,41#16,86#16,24#14,81%#11,11%#3,70%#0,00%#11,11%#1,000#0,75#76,67%#23,33%
2022-01-16 12:55:46.046#samsung-SM-A528B#1080#2009#6,70#12,56#Hexagonal Keyboard#qwerty#One-handed#Portrait#true#false#false#false#session2-kkrapic#MacKenzie500_assetFile#kkrapic#439#the food at this restaurant#27#the food at this restaurant#27#the food atthi<<< this restaurant#33#27#0#3#3#0#3#17,95#1,222#1,783#1,45#17,38#17,38#10,00%#10,00%#0,00%#0,00%#10,00%#1,000#1,00#81,82%#18,18%
2022-01-16 12:56:07.007#samsung-SM-A528B#1080#2009#6,70#12,56#Hexagonal Keyboard#qwerty#One-handed#Portrait#true#false#false#false#session2-kkrapic#MacKenzie500_assetFile#kkrapic#485#dormitory doors are locked at midnight#38#dormitory doors are locked at midnight#38#dormitory doors are locked at midnight#38#38#0#0#0#0#0#17,65#1,000#2,096#2,10#25,16#25,16#0,00%#0,00%#0,00%#0,00%#0,00%#NaN#NaN#100,00%#0,00%
2022-01-16 12:56:22.022#samsung-SM-A528B#1080#2009#6,70#12,56#Hexagonal Keyboard#qwerty#One-handed#Portrait#true#false#false#false#session2-kkrapic#MacKenzie500_assetFile#kkrapic#39#an offer you cannot refuse#26#an offer you cannot refuse#26#an offer you cannot refuse#26#26#0#0#0#0#0#13,39#1,000#1,868#1,87#22,41#22,41#0,00%#0,00%#0,00%#0,00%#0,00%#NaN#NaN#100,00%#0,00%
2022-01-16 12:56:43.043#samsung-SM-A528B#1080#2009#6,70#12,56#Hexagonal Keyboard#qwerty#One-handed#Portrait#true#false#false#false#session2-kkrapic#MacKenzie500_assetFile#kkrapic#68#i am wearing a tie and a jacket#31#i amwearinf a tie and a jacket#30#i amwearinf a tie and a jacket#30#29#2#0#0#0#0#18,25#1,000#1,589#1,59#19,07#17,84#6,45%#0,00%#6,45%#0,00%#0,00%#NaN#0,00#93,55%#6,45%
2022-01-16 12:57:03.003#samsung-SM-A528B#1080#2009#6,70#12,56#Hexagonal Keyboard#qwerty#One-handed#Portrait#true#false#false#false#session2-kkrapic#MacKenzie500_assetFile#kkrapic#461#do you get nervous when you speak#33#do you get nervous when you speak#33#do you get nervous when you speaks<#35#33#0#0#1#0#1#17,79#1,030#1,912#1,80#21,59#21,59#2,94%#2,94%#0,00%#0,00%#2,94%#Infinity#1,00#97,06%#2,94%
2022-01-16 12:57:27.027#samsung-SM-A528B#1080#2009#6,70#12,56#Hexagonal Keyboard#qwerty#One-handed#Portrait#true#false#false#false#session2-kkrapic#MacKenzie500_assetFile#kkrapic#192#the largest of the five oceans#30#the largest of yhe five ceans#29#the largestofthe<<<<< of yhe five ceans#39#28#2#5#5#0#5#20,83#1,333#1,824#1,34#16,13#15,21#20,00%#14,29%#5,71%#0,00%#14,29%#1,000#0,71#70,00%#30,00%
2022-01-16 12:57:45.045#samsung-SM-A528B#1080#2009#6,70#12,56#Hexagonal Keyboard#qwerty#One-handed#Portrait#true#false#false#false#session2-kkrapic#MacKenzie500_assetFile#kkrapic#168#he played a pimp in that movie#30#he plsyed a pimp in that movie#30#he plsyed a pimp in that movie#30#29#1#0#0#0#0#15,17#1,000#1,911#1,91#22,94#22,17#3,33%#0,00%#3,33%#0,00%#0,00%#NaN#0,00#96,67%#3,33%
2022-01-16 12:58:10.010#samsung-SM-A528B#1080#2009#6,70#12,56#Hexagonal Keyboard#qwerty#One-handed#Portrait#true#false#false#false#session2-kkrapic#MacKenzie500_assetFile#kkrapic#354#our housekeeper does a thorough job#35#our housekeeper does a thorough job#35#our housekeeper does a thorough job#35#35#0#0#0#0#0#20,72#1,000#1,641#1,64#19,69#19,69#0,00%#0,00%#0,00%#0,00%#0,00%#NaN#NaN#100,00%#0,00%

2022-01-15 16:17:17.017#samsung-SM-G900F#1080#1920#6,50#11,50#Hexagonal Keyboard#qwerty#One-handed#Portrait#true#false#false#false#session1-mario#MacKenzie500_assetFile#mario#92#my favorite web browser#23#my favorite web browser#23#my favorite web browser#23#23#0#0#0#0#0#17,28#1,000#1,273#1,27#15,28#15,28#0,00%#0,00%#0,00%#0,00%#0,00%#NaN#NaN#100,00%#0,00%
2022-01-15 16:17:36.036#samsung-SM-G900F#1080#1920#6,50#11,50#Hexagonal Keyboard#qwerty#One-handed#Portrait#true#false#false#false#session1-mario#MacKenzie500_assetFile#mario#79#mom made her a turtleneck#25#mom made her a turtleneck#25#mom made her a turtleneck#25#25#0#0#0#0#0#16,35#1,000#1,468#1,47#17,62#17,62#0,00%#0,00%#0,00%#0,00%#0,00%#NaN#NaN#100,00%#0,00%
2022-01-15 16:17:57.057#samsung-SM-G900F#1080#1920#6,50#11,50#Hexagonal Keyboard#qwerty#One-handed#Portrait#true#false#false#false#session1-mario#MacKenzie500_assetFile#mario#2#prevailing wind from the east#29#prevailing wind  from the east#30#prevailing wind  from the east#30#29#1#0#0#0#0#16,33#1,000#1,776#1,78#21,31#20,60#3,33%#0,00%#3,33%#0,00%#0,00%#NaN#0,00#96,67%#3,33%
2022-01-15 16:18:12.012#samsung-SM-G900F#1080#1920#6,50#11,50#Hexagonal Keyboard#qwerty#One-handed#Portrait#true#false#false#false#session1-mario#MacKenzie500_assetFile#mario#84#for your information only#25#for your information only#25#for your information only#25#25#0#0#0#0#0#12,23#1,000#1,962#1,96#23,54#23,54#0,00%#0,00%#0,00%#0,00%#0,00%#NaN#NaN#100,00%#0,00%
2022-01-15 16:18:29.029#samsung-SM-G900F#1080#1920#6,50#11,50#Hexagonal Keyboard#qwerty#One-handed#Portrait#true#false#false#false#session1-mario#MacKenzie500_assetFile#mario#332#this library has many books#27#this library has many books#27#this library has many books#27#27#0#0#0#0#0#14,38#1,000#1,808#1,81#21,69#21,69#0,00%#0,00%#0,00%#0,00%#0,00%#NaN#NaN#100,00%#0,00%
2022-01-15 16:18:46.046#samsung-SM-G900F#1080#1920#6,50#11,50#Hexagonal Keyboard#qwerty#One-handed#Portrait#true#false#false#false#session1-mario#MacKenzie500_assetFile#mario#423#please take a bath this month#29#please take a bath this month#29#please take a bath this month#29#29#0#0#0#0#0#13,80#1,000#2,030#2,03#24,35#24,35#0,00%#0,00%#0,00%#0,00%#0,00%#NaN#NaN#100,00%#0,00%
2022-01-15 16:19:04.004#samsung-SM-G900F#1080#1920#6,50#11,50#Hexagonal Keyboard#qwerty#One-handed#Portrait#true#false#false#false#session1-mario#MacKenzie500_assetFile#mario#451#what goes up must come down#27#what goes up musto come down#28#what goes up musto come down#28#27#1#0#0#0#0#15,27#1,000#1,768#1,77#21,22#20,46#3,57%#0,00%#3,57%#0,00%#0,00%#NaN#0,00#96,43%#3,57%
2022-01-15 16:19:19.019#samsung-SM-G900F#1080#1920#6,50#11,50#Hexagonal Keyboard#qwerty#One-handed#Portrait#true#false#false#false#session1-mario#MacKenzie500_assetFile#mario#258#mystery of the lost lagoon#26#mystery of the lost lagoon#26#mystery of the lost lagoon#26#26#0#0#0#0#0#10,92#1,000#2,290#2,29#27,48#27,48#0,00%#0,00%#0,00%#0,00%#0,00%#NaN#NaN#100,00%#0,00%
2022-01-15 16:19:38.038#samsung-SM-G900F#1080#1920#6,50#11,50#Hexagonal Keyboard#qwerty#One-handed#Portrait#true#false#false#false#session1-mario#MacKenzie500_assetFile#mario#323#a psychiatrist will help you#28#a psychiatrist will help you#28#a psychiatrist will help you#28#28#0#0#0#0#0#17,46#1,000#1,547#1,55#18,56#18,56#0,00%#0,00%#0,00%#0,00%#0,00%#NaN#NaN#100,00%#0,00%
2022-01-15 16:19:53.053#samsung-SM-G900F#1080#1920#6,50#11,50#Hexagonal Keyboard#qwerty#One-handed#Portrait#true#false#false#false#session1-mario#MacKenzie500_assetFile#mario#93#the laser printer is jammed#27#the laser printer isjammed#26#the laser printer isjammed#26#26#1#0#0#0#0#12,36#1,000#2,022#2,02#24,27#23,37#3,70%#0,00%#3,70%#0,00%#0,00%#NaN#0,00#96,30%#3,70%
2022-01-15 16:20:14.014#samsung-SM-G900F#1080#1920#6,50#11,50#Hexagonal Keyboard#qwerty#One-handed#Portrait#true#false#false#false#session1-mario#MacKenzie500_assetFile#mario#449#arguing with the boss is futile#31#arguing with the boss is futile#31#arguing with the boss is futile#31#31#0#0#0#0#0#17,76#1,000#1,690#1,69#20,27#20,27#0,00%#0,00%#0,00%#0,00%#0,00%#NaN#NaN#100,00%#0,00%
2022-01-15 16:20:33.033#samsung-SM-G900F#1080#1920#6,50#11,50#Hexagonal Keyboard#qwerty#One-handed#Portrait#true#false#false#false#session1-mario#MacKenzie500_assetFile#mario#23#great disturbance in the force#30#great disturbance in the force#30#great disturbance in the force#30#30#0#0#0#0#0#15,35#1,000#1,889#1,89#22,67#22,67#0,00%#0,00%#0,00%#0,00%#0,00%#NaN#NaN#100,00%#0,00%
2022-01-15 16:20:45.045#samsung-SM-G900F#1080#1920#6,50#11,50#Hexagonal Keyboard#qwerty#One-handed#Portrait#true#false#false#false#session1-mario#MacKenzie500_assetFile#mario#74#he is still on our team#23#he is still on our team#23#he is still on our team#23#23#0#0#0#0#0#9,50#1,000#2,316#2,32#27,79#27,79#0,00%#0,00%#0,00%#0,00%#0,00%#NaN#NaN#100,00%#0,00%
2022-01-15 16:21:01.001#samsung-SM-G900F#1080#1920#6,50#11,50#Hexagonal Keyboard#qwerty#One-handed#Portrait#true#false#false#false#session1-mario#MacKenzie500_assetFile#mario#335#that is a very odd question#27#that is a very odd question#27#that is a very odd question#27#27#0#0#0#0#0#13,25#1,000#1,962#1,96#23,54#23,54#0,00%#0,00%#0,00%#0,00%#0,00%#NaN#NaN#100,00%#0,00%
2022-01-15 16:21:25.025#samsung-SM-G900F#1080#1920#6,50#11,50#Hexagonal Keyboard#qwerty#One-handed#Portrait#true#false#false#false#session1-mario#MacKenzie500_assetFile#mario#234#the pen is mightier than the sword#34#the pen is mghtier than the seord#33#the pen is mghtier than the seord#33#32#2#0#0#0#0#20,67#1,000#1,548#1,55#18,58#17,49#5,88%#0,00%#5,88%#0,00%#0,00%#NaN#0,00#94,12%#5,88%
2022-01-15 16:21:39.039#samsung-SM-G900F#1080#1920#6,50#11,50#Hexagonal Keyboard#qwerty#One-handed#Portrait#true#false#false#false#session1-mario#MacKenzie500_assetFile#mario#419#the location of the crime#25#the location of te crime#24#the location of te crime#24#24#1#0#0#0#0#10,79#1,000#2,132#2,13#25,58#24,56#4,00%#0,00%#4,00%#0,00%#0,00%#NaN#0,00#96,00%#4,00%
2022-01-15 16:21:48.048#samsung-SM-G900F#1080#1920#6,50#11,50#Hexagonal Keyboard#qwerty#One-handed#Portrait#true#false#false#false#session1-mario#MacKenzie500_assetFile#mario#34#i agree with you#16#i agree with you#16#i agree with you#16#16#0#0#0#0#0#6,71#1,000#2,234#2,23#26,81#26,81#0,00%#0,00%#0,00%#0,00%#0,00%#NaN#NaN#100,00%#0,00%
2022-01-15 16:22:05.005#samsung-SM-G900F#1080#1920#6,50#11,50#Hexagonal Keyboard#qwerty#One-handed#Portrait#true#false#false#false#session1-mario#MacKenzie500_assetFile#mario#275#the treasury department is broke#32#the treasury department is broke#32#the treasury department is broke#32#32#0#0#0#0#0#14,76#1,000#2,101#2,10#25,21#25,21#0,00%#0,00%#0,00%#0,00%#0,00%#NaN#NaN#100,00%#0,00%
2022-01-15 16:22:25.025#samsung-SM-G900F#1080#1920#6,50#11,50#Hexagonal Keyboard#qwerty#One-handed#Portrait#true#false#false#false#session1-mario#MacKenzie500_assetFile#mario#490#rejection letters are discouraging#34#rejection letters are dscoraging#32#rejection letters are dscoraging#32#32#2#0#0#0#0#16,58#1,000#1,869#1,87#22,43#21,11#5,88%#0,00%#5,88%#0,00%#0,00%#NaN#0,00#94,12%#5,88%
2022-01-15 16:22:41.041#samsung-SM-G900F#1080#1920#6,50#11,50#Hexagonal Keyboard#qwerty#One-handed#Portrait#true#false#false#false#session1-mario#MacKenzie500_assetFile#mario#292#the registration period is over#31#the registration eriod is over#30#the registration eriod is over#30#30#1#0#0#0#0#12,38#1,000#2,343#2,34#28,11#27,21#3,23%#0,00%#3,23%#0,00%#0,00%#NaN#0,00#96,77%#3,23%

2022-01-13 14:57:06.006#HUAWEI-JNY-LX1#1080#2004#6,90#12,75#Hexagonal Keyboard#qwerty#One-handed#Portrait#true#false#false#false#sibil#MacKenzie500_assetFile#Sibil #331#do not feel too bad about it#28#do not feel too bad about it#28#do not feel too bad about it#28#28#0#0#0#0#0#17,23#1,000#1,567#1,57#18,81#18,81#0,00%#0,00%#0,00%#0,00%#0,00%#NaN#NaN#100,00%#0,00%
2022-01-13 14:57:29.029#HUAWEI-JNY-LX1#1080#2004#6,90#12,75#Hexagonal Keyboard#qwerty#One-handed#Portrait#true#false#false#false#sibil#MacKenzie500_assetFile#Sibil #54#the music is better than it sounds#34#the music i better than it soundx#33#the music i better than it sounds<x#35#32#2#1#1#0#1#17,02#1,059#1,998#1,88#22,57#21,28#8,57%#2,86%#5,71%#0,00%#2,86%#1,000#0,33#88,89%#11,11%
2022-01-13 14:57:48.048#HUAWEI-JNY-LX1#1080#2004#6,90#12,75#Hexagonal Keyboard#qwerty#One-handed#Portrait#true#false#false#false#sibil#MacKenzie500_assetFile#Sibil #264#file all complaints in writing#30#file all complaints n writing#29#file all complaints n writing#29#29#1#0#0#0#0#15,50#1,000#1,807#1,81#21,68#20,96#3,33%#0,00%#3,33%#0,00%#0,00%#NaN#0,00#96,67%#3,33%
2022-01-13 14:58:09.009#HUAWEI-JNY-LX1#1080#2004#6,90#12,75#Hexagonal Keyboard#qwerty#One-handed#Portrait#true#false#false#false#sibil#MacKenzie500_assetFile#Sibil #105#our fax number has changed#26#our fax number has changed#26#our fax number has changed#26#26#0#0#0#0#0#15,24#1,000#1,641#1,64#19,69#19,69#0,00%#0,00%#0,00%#0,00%#0,00%#NaN#NaN#100,00%#0,00%
2022-01-13 14:58:42.042#HUAWEI-JNY-LX1#1080#2004#6,90#12,75#Hexagonal Keyboard#qwerty#One-handed#Portrait#true#false#false#false#sibil#MacKenzie500_assetFile#Sibil #428#knee bone is connected to the thigh bone#40#knee bone is connected to the thigh bone#40#knee bone is connected to the thigh bone#40#40#0#0#0#0#0#23,13#1,000#1,686#1,69#20,23#20,23#0,00%#0,00%#0,00%#0,00%#0,00%#NaN#NaN#100,00%#0,00%
2022-01-13 14:59:22.022#HUAWEI-JNY-LX1#1080#2004#6,90#12,75#Hexagonal Keyboard#qwerty#One-handed#Portrait#true#false#false#false#sibil#MacKenzie500_assetFile#Sibil #212#universities are too expensive#30#universities are too expencive#30#universities are too expencive#30#29#1#0#0#0#0#16,99#1,000#1,707#1,71#20,48#19,80#3,33%#0,00%#3,33%#0,00%#0,00%#NaN#0,00#96,67%#3,33%
2022-01-13 14:59:44.044#HUAWEI-JNY-LX1#1080#2004#6,90#12,75#Hexagonal Keyboard#qwerty#One-handed#Portrait#true#false#false#false#sibil#MacKenzie500_assetFile#Sibil #389#the fire raged for an entire month#34#the fire rqges for an entire month#34#the fire rqges for an entire month#34#32#2#0#0#0#0#17,56#1,000#1,879#1,88#22,55#21,23#5,88%#0,00%#5,88%#0,00%#0,00%#NaN#0,00#94,12%#5,88%
2022-01-13 15:00:02.002#HUAWEI-JNY-LX1#1080#2004#6,90#12,75#Hexagonal Keyboard#qwerty#One-handed#Portrait#true#false#false#false#sibil#MacKenzie500_assetFile#Sibil #92#my favorite web browser#23#my favorite web broser#22#my favorite web broser#22#22#1#0#0#0#0#13,11#1,000#1,602#1,60#19,22#18,39#4,35%#0,00%#4,35%#0,00%#0,00%#NaN#0,00#95,65%#4,35%
2022-01-13 15:00:21.021#HUAWEI-JNY-LX1#1080#2004#6,90#12,75#Hexagonal Keyboard#qwerty#One-handed#Portrait#true#false#false#false#sibil#MacKenzie500_assetFile#Sibil #85#a quarter of a century#22#a quarger o a century#21#a quarger o a century#21#20#2#0#0#0#0#12,69#1,000#1,576#1,58#18,91#17,19#9,09%#0,00%#9,09%#0,00%#0,00%#NaN#0,00#90,91%#9,09%
2022-01-13 15:00:43.043#HUAWEI-JNY-LX1#1080#2004#6,90#12,75#Hexagonal Keyboard#qwerty#One-handed#Portrait#true#false#false#false#sibil#MacKenzie500_assetFile#Sibil #19#please provide your date of birth#33#please provide your datw of birtg#33#please provide your datw of birtg#33#31#2#0#0#0#0#17,58#1,000#1,820#1,82#21,84#20,52#6,06%#0,00%#6,06%#0,00%#0,00%#NaN#0,00#93,94%#6,06%
2022-01-13 15:00:58.058#HUAWEI-JNY-LX1#1080#2004#6,90#12,75#Hexagonal Keyboard#qwerty#One-handed#Portrait#true#false#false#false#sibil#MacKenzie500_assetFile#Sibil #314#get your priorities in order#28#get your priorities in order#28#get your priorities in order#28#28#0#0#0#0#0#12,16#1,000#2,221#2,22#26,66#26,66#0,00%#0,00%#0,00%#0,00%#0,00%#NaN#NaN#100,00%#0,00%
2022-01-13 15:01:17.017#HUAWEI-JNY-LX1#1080#2004#6,90#12,75#Hexagonal Keyboard#qwerty#One-handed#Portrait#true#false#false#false#sibil#MacKenzie500_assetFile#Sibil #414#our life expectancy has increased#33#our lfe expectancy has increased#32#our lfe expectancy has increased#32#32#1#0#0#0#0#15,95#1,000#1,943#1,94#23,32#22,61#3,03%#0,00%#3,03%#0,00%#0,00%#NaN#0,00#96,97%#3,03%
2022-01-13 15:01:36.036#HUAWEI-JNY-LX1#1080#2004#6,90#12,75#Hexagonal Keyboard#qwerty#One-handed#Portrait#true#false#false#false#sibil#MacKenzie500_assetFile#Sibil #444#an excellent way to communicate#31#an excellnt way to communivate#30#an excellnt way to communivate#30#29#2#0#0#0#0#14,54#1,000#1,994#1,99#23,93#22,38#6,45%#0,00%#6,45%#0,00%#0,00%#NaN#0,00#93,55%#6,45%
2022-01-13 15:01:51.051#HUAWEI-JNY-LX1#1080#2004#6,90#12,75#Hexagonal Keyboard#qwerty#One-handed#Portrait#true#false#false#false#sibil#MacKenzie500_assetFile#Sibil #201#on the way to the cottage#25#on the way to the cittage#25#on the way to the cittage#25#24#1#0#0#0#0#11,85#1,000#2,025#2,03#24,31#23,33#4,00%#0,00%#4,00%#0,00%#0,00%#NaN#0,00#96,00%#4,00%
2022-01-13 15:02:09.009#HUAWEI-JNY-LX1#1080#2004#6,90#12,75#Hexagonal Keyboard#qwerty#One-handed#Portrait#true#false#false#false#sibil#MacKenzie500_assetFile#Sibil #170#he was wearing a sweatshirt#27#he was wearing a swatshirt#26#he was wearing a swatshirt#26#26#1#0#0#0#0#14,66#1,000#1,706#1,71#20,47#19,71#3,70%#0,00%#3,70%#0,00%#0,00%#NaN#0,00#96,30%#3,70%
2022-01-13 15:02:26.026#HUAWEI-JNY-LX1#1080#2004#6,90#12,75#Hexagonal Keyboard#qwerty#One-handed#Portrait#true#false#false#false#sibil#MacKenzie500_assetFile#Sibil #65#i am going to a music lesson#28#i  am going to a music lesson#29#i  am going to a music lesson#29#28#1#0#0#0#0#11,91#1,000#2,350#2,35#28,20#27,23#3,45%#0,00%#3,45%#0,00%#0,00%#NaN#0,00#96,55%#3,45%
2022-01-13 15:02:45.045#HUAWEI-JNY-LX1#1080#2004#6,90#12,75#Hexagonal Keyboard#qwerty#One-handed#Portrait#true#false#false#false#sibil#MacKenzie500_assetFile#Sibil #177#i listen to the tape everyday#29#i listen to the tape everyday#29#i listen to the tape everyday#29#29#0#0#0#0#0#12,32#1,000#2,273#2,27#27,27#27,27#0,00%#0,00%#0,00%#0,00%#0,00%#NaN#NaN#100,00%#0,00%
2022-01-13 15:03:04.004#HUAWEI-JNY-LX1#1080#2004#6,90#12,75#Hexagonal Keyboard#qwerty#One-handed#Portrait#true#false#false#false#sibil#MacKenzie500_assetFile#Sibil #358#sing the gospel and the blues#29#sing the bospel and he blues#28#sing the bospel and he blues#28#27#2#0#0#0#0#14,83#1,000#1,821#1,82#21,85#20,34#6,90%#0,00%#6,90%#0,00%#0,00%#NaN#0,00#93,10%#6,90%
2022-01-13 15:03:27.027#HUAWEI-JNY-LX1#1080#2004#6,90#12,75#Hexagonal Keyboard#qwerty#One-handed#Portrait#true#false#false#false#sibil#MacKenzie500_assetFile#Sibil #306#a security force of eight thousand#34#a security force of eight thousannd#35#a security force of eight thousannd#35#34#1#0#0#0#0#17,96#1,000#1,893#1,89#22,72#22,07#2,86%#0,00%#2,86%#0,00%#0,00%#NaN#0,00#97,14%#2,86%
2022-01-13 15:03:42.042#HUAWEI-JNY-LX1#1080#2004#6,90#12,75#Hexagonal Keyboard#qwerty#One-handed#Portrait#true#false#false#false#sibil#MacKenzie500_assetFile#Sibil #155#lydia wants to go home#22#lydia wants to go home#22#lydia wants to go home#22#22#0#0#0#0#0#10,93#1,000#1,921#1,92#23,06#23,06#0,00%#0,00%#0,00%#0,00%#0,00%#NaN#NaN#100,00%#0,00%